primer_set,primer_name,sequence,type
1,aim_1f,GTCCAGGGCTTCACACATGCTA,training
1,aim_22r,TGTTACCAACTTTCATGACGTG,training
2,aim_71f,AGCGCAACCCTCACCTTATGTT,training
2,aim_94r,GGGACCGGATTTTTGAGATTAG,training
3,aim_122f,TTCAGTTGGGCACTCGTAAGGA,training
3,aim_94r,GGGACCGGATTTTTGAGATTAG,training
4,aim_94f,CTAATCTCAAAAATCCGGTCCC,training
4,aim_143r,CCTTCACGAGTTTCACCTTAGT,training
5,aim_94f,CTAATCTCAAAAATCCGGTCCC,training
5,aim_147r,CTTCACCCCCTTCACGAGTTTC,training
6,aim_161f,GAGGTGGAGCGAATCCCAGAAA,training
6,aim_194r,CTTACCAAGCATACCTTAGGCA,training
7,aim_263f,CAAATCCCAGAAAGCCGCTCTC,training
7,aim_250r,ACCAGCCCTGCCGTCGGCGCCT,training
8,aim_348f,GTGTTGCCTAGCAATAGGATCT,training
8,aim_282r,TGCTGCCCTCTGTCTATGCCAT,training
9,aim_386f,GCTGAGGACTCTAATTGAACTG,training
9,aim_394r,AGACAGCTTTTAAGGGATTTCC,training
10,aim_386f,GCTGAGGACTCTAATTGAACTG,training
10,aim_461r,CCGATCCGGACTGAGACAGCTT,training
11,aim_394f,GGAAATCCCTTAAAAGCTGTCT,training
11,aim_436r,CGAGCGTCTTTGGGTACTCCTG,training
12,aim_468f,GGCGGAGGAAATCCTAAAAACT,training
12,aim_515r,CTTCAGATACTTCGGGTGCGAC,training
13,aim_555f,ACGGGACTGCCCGCGAAAGCGG,training
13,aim_562r,GGGCCCACCTTTTTGCGATTAG,training
14,aim_599f,GTGCTACAACGGGTAGCGAAAC,training
14,aim_652r,CCGCCGAGGCGGAGTTGGGTCA,training
15,aim_764f,CTTATCCTTTGTTGCCAGCGGT,training
15,aim_744r,CGACATACTTTATGAGGTCCGC,training
16,aim_812f,CTGCCAGTGATAAACTGGAGGA,training
16,aim_744r,CGACATACTTTATGAGGTCCGC,training
17,aim_842f,TCTCATAAAACCGTTCTCAGTT,training
17,aim_848r,TGTTACAAACTCTCGTGGTGTG,training
18,aim_1016f,CTAATCGGAAAAAGCCGGCCTC,training
18,aim_1036r,ATGAATTACACCTTGGGCGGCT,training
19,aim_1209f,GTGTCGGTAGTTACAGGTGTCT,training
19,aim_1159r,ATTGTCGTGGCCATTGTAGCGT,training
20,aim_1248f,CGCCGTGACCGGCGGAGGAAGG,training
20,aim_1193r,CCGCGCCATGGCTGATACGCGG,training
21,aim_1175f,TCGCCTAAACGTGGTCTCAGTG,training
21,aim_1264r,TCCCAGTCGCGGCCCCTGCCCT,training
22,aim_1177f,GCCTAAACGTGGTCTCAGTGCA,training
22,aim_1264r,TCCCAGTCGCGGCCCCTGCCCT,training
23,aim_1316f,CTAGTGGGACAGCCGGAGTAAT,training
23,aim_1285r,TGCAATCCGAACTAAGACAAGG,training
24,aim_1332f,CCGGAGTAATCCGGAGGAAGGT,training
24,aim_1276r,AGGTTTTTGAGGTTGGCTCACT,training
25,aim_1285f,CCTTGTCTTAGTTCGGATTGCA,training
25,aim_1293r,GCTTCTGGCAAAACCGACTTTC,training
26,aim_1401f,TGAGGTGTCGGCTTAAGTGCCA,training
26,aim_1368r,GCTAGCTGCCTTCTGTACCCCC,training
27,aim_1401f,TGAGGTGTCGGCTTAAGTGCCA,training
27,aim_1383r,TTTGGGATTAGCATACGGTCAC,training
28,aim_1415f,GAGGTGTCGGCTTAAGTGCCAT,training
28,aim_1368r,GCTAGCTGCCTTCTGTACCCCC,training
29,aim_1447f,AGGTCATGCTGAGGACTCTGGA,training
29,aim_1368r,GCTAGCTGCCTTCTGTACCCCC,training
30,aim_1447f,AGGTCATGCTGAGGACTCTGGA,training
30,aim_1391r,TTCGATCCGAACTGAGAGAGGA,training
31,aim_1391f,TCCTCTCTCAGTTCGGATCGAA,training
31,aim_1465r,CCCTAGGACGATCCTTGCGGTT,training
32,aim_1549f,GGGTAATGCCGGGTACTCACAG,training
32,aim_1504r,CATTGTCCCTGCCACTGTAGCG,training
33,aim_1504f,CGCTACAGTGGCAGGGACAATG,training
33,aim_1550r,TAGCTCGGGGACTTCCGATGAA,training
34,aim_1758f,GCCAATACAAACAGTTGCAAAT,training
34,aim_1775r,TACCAGCTCTCATAGTTTGACG,training
35,aim_1770f,CTGTAAAGTTGGTCTCAGTTCG,training
35,aim_1775r,TACCAGCTCTCATAGTTTGACG,training
36,aim_1770f,CTGTAAAGTTGGTCTCAGTTCG,training
36,aim_1811r,CTACCCTAGACATGCGCTTCCT,training
37,aim_1948f,CAAAGGGCAGCGACATAGTGAT,training
37,aim_1984r,ATGAGCCGTAGCTGATGCCCAT,training
38,aim_2085f,AGTACAGAAGGTAGCAAGATCG,training
38,aim_2138r,AACGTATTCACGGCGTTATGGC,training
39,aim_2109f,GATGGAGCAAATCCTTAAAGCT,training
39,aim_2164r,TCAACGACTTAAGGTAAAACCA,training
40,aim_2292f,GGTTAAGTCCCCTAACGAGCGA,training
40,aim_2247r,ATGACTTTGCAGCCTAGCAACG,training
41,aim_2547f,TCGAGTACATGAAGTTGGAATC,training
41,aim_2581r,TACGGTTAGGCCTGCTACTTCA,training
42,ai2_1242_f,TACTTTGTCTAACGAGACTGCC,training
42,ai2_1242_r,CGAACTGAGACCAACTTTACAG,training
43,ai2_100_f,ACGAGCCGGAGGAAGGAGG,training
43,ai2_100_r,ACCCCGGGAACGTATTCACC,training
44,ai2_1213_f,CCTAAACCCTGTCGTGGTGCAG,training
44,ai2_1213_r,TAGCTCGGGGACTTCCGATGAA,training
45,ai2_1325_f,TAAGGGGACTGCCCCGGATAAC,training
45,ai2_1325_r,GCGCTTTCTGAGATTCGCTCAG,training
46,ai2_6_f,CAAGTCGAGCGGAGAAGATTT,training
46,ai2_6_r,GGTATTACCCATCCTTTCGGAT,training
47,ai2_1194_f,GCGGGTGACCGTATGCTAATCC,training
47,ai2_1194_r,CTTGCGGTTACGTACTTCAGGT,training
48,ai2_1315_f,CGTTGCTAGGCTGCAAAGTCAT,training
48,ai2_1315_r,GCGGCTCCGGCGACTTCGGATG,training
49,ai2_1147_f,CGCCGTGACCGGCGGAGGAAGG,training
49,ai2_1147_r,CACTGAGACCACGTTTAGGCGA,training
50,ai2_23_f,GAGACTGCCGGTGACAAACC,training
50,ai2_23_r,AGTTGCAGACTCCAATCCGGA,training
51,ai2_1244_f,GCCAATACAAACAGTTGCAAAT,training
51,ai2_1244_r,TACCAGCTCTCATAGTTTGACG,training
52,ai2_1125_f,ACCGCTGCAACCCCGCGAGGGT,training
52,ai2_1125_r,TGGGCGGCTGCTCCCTTGCGGT,training
53,ai2_1238_f,GGCACAGGTGGTGCACGGCCGT,training
53,ai2_1238_r,GGCATAAGGGGCACGAGTACCT,training
54,ai2_1166_f,CCGGAGTAATCCGGAGGAAGGT,training
54,ai2_1166_r,TGCAATCCGAACTAAGACAAGG,training
55,ai2_1143_f,TGCCGCCGTGACCGGCGGAGGA,training
55,ai2_1143_r,CACTGAGACCACGTTTAGGCGA,training
56,ai2_1124_f,ACCGCTGCAACCCCGCGAGGGT,training
56,ai2_1124_r,AGCGCACCGACTTCTAGTGCAA,training
57,ai2_1284_f,ACGAGACTGCCTGGGTTAACCA,training
57,ai2_1284_r,AGCTTTAAGGATTTGCTCCATC,training
58,ai2_1288_f,CTGCCTGGGTTAACCAGGAGGA,training
58,ai2_1288_r,GAACTGGGGCCAGCTTTAAGGA,training
59,ai2_1090_f,AAAGGAGACTGCCAGTGATAAA,training
59,ai2_1090_r,TCCAATCCGGACTACGACATAC,training
60,ai2_1142_f,GTGTCGGTAGTTACAGGTGTCT,training
60,ai2_1142_r,CAACTCCGCCTTCACGGGGGCG,training
61,ai2_1195_f,GCGGGTGACCGTATGCTAATCC,training
61,ai2_1195_r,CCCTAGGACGATCCTTGCGGTT,training
62,ai2_101_f,GTCGTCGTCAGCTCGTGCC,training
62,ai2_101_r,CTCCTTCCTCCGCCTCGTC,training
63,ai2_1189_f,CGTCGTAAGATGTGAGGAAGGT,training
63,ai2_1189_r,TTCGATCCGAACTGAGAGAGGA,training
64,ai2_1088_f,CTTATCCTTTGTTGCCAGCGGT,training
64,ai2_1088_r,TCCAATCCGGACTACGACATAC,training
65,ai2_1192_f,GGGGGTACAGAAGGCAGCTAGC,training
65,ai2_1192_r,CTTGCGGTTACGTACTTCAGGT,training
66,ai2_1303_f,GCCATAACGCCGTGAATACGTT,training
66,ai2_1303_r,CTTCATCCTAGTCATCAGCCTC,training
67,ai2_1102_f,AAGTTGGGCAGTCTAAGGTGAC,training
67,ai2_1102_r,TCTTGCAGCTCTTTGTACCGTC,training
68,ai2_54_f,CGGGTGAGTAACACGTATCTAA,training
68,ai2_54_r,TCTCAGTTCGGCTACGTATCAT,training
69,ai2_1275_f,TGATATGGAGCGAATCCCCAAA,training
69,ai2_1275_r,GTCTGCCTCCTGCAAGCAGGTT,training
70,ai2_1327_f,CTGAGCGAATCTCAGAAAGCGC,training
70,ai2_1327_r,TTGCCTGGGTTGGGCCACCGGC,training
71,ai2_10_f,CTGGCGGCGTGGATAAGACA,training
71,ai2_10_r,ATGGGCTATTCCCCACTTCAG,training
72,ai2_1071_f,AGCGATGCCACCCGGCAACGGG,training
72,ai2_1071_r,CCTGCCCGTAGGCTCCCGGCGA,training
